{"cameraMode":{"drawMode":0,"name":"Shaded","section":"Shading Mode"},"sceneLighting":true,"audioPlay":false,"sceneViewState":{"showFog":true,"showMaterialUpdate":false,"showSkybox":true,"showFlares":true,"showImageEffects":true,"showParticleSystems":true,"showVisualEffectGraphs":true,"m_FxEnabled":true},"in2DMode":false,"pivot":{"x":1.0093297958374024,"y":3.347731590270996,"z":-3.7094478607177736},"rotation":{"x":-0.15985223650932313,"y":0.05682331696152687,"z":-0.009213811717927456,"w":-0.9854660630226135},"size":5.849481582641602,"orthographic":false}